iR,iZ,start,length
0,0,0,1000
0,1,1000,1000
0,2,2000,1000
0,3,3000,1000
0,4,4000,1000
0,5,5000,1000
0,6,6000,1000
0,7,7000,1000
0,8,8000,1000
0,9,9000,1000
0,10,10000,1000
0,11,11000,1000
0,12,12000,1000
0,13,13000,1000
0,14,14000,1000
0,15,15000,1000
0,16,16000,1000
0,17,17000,1000
0,18,18000,1000
0,19,19000,1000
0,20,20000,1000
0,21,21000,1000
0,22,22000,1000
0,23,23000,1000
0,24,24000,1000
0,25,25000,1000
0,26,26000,1000
0,27,27000,1000
0,28,28000,1000
0,29,29000,1000
0,30,30000,1000
0,31,31000,1000
0,32,32000,1000
0,33,33000,1000
0,34,34000,1000
0,35,35000,1000
0,36,36000,1000
0,37,37000,1000
0,38,38000,1000
0,39,39000,1000
1,0,40000,1000
1,1,41000,1000
1,2,42000,1000
1,3,43000,1000
1,4,44000,1000
1,5,45000,1000
1,6,46000,1000
1,7,47000,1000
1,8,48000,1000
1,9,49000,1000
1,10,50000,1000
1,11,51000,1000
1,12,52000,1000
1,13,53000,1000
1,14,54000,1000
1,15,55000,1000
1,16,56000,1000
1,17,57000,1000
1,18,58000,1000
1,19,59000,1000
1,20,60000,1000
1,21,61000,1000
1,22,62000,1000
1,23,63000,1000
1,24,64000,1000
1,25,65000,1000
1,26,66000,1000
1,27,67000,1000
1,28,68000,1000
1,29,69000,1000
1,30,70000,1000
1,31,71000,1000
1,32,72000,1000
1,33,73000,1000
1,34,74000,1000
1,35,75000,1000
1,36,76000,1000
1,37,77000,1000
1,38,78000,1000
1,39,79000,1000
2,0,80000,1000
2,1,81000,1000
2,2,82000,1000
2,3,83000,1000
2,4,84000,1000
2,5,85000,1000
2,6,86000,1000
2,7,87000,1000
2,8,88000,1000
2,9,89000,1000
2,10,90000,1000
2,11,91000,1000
2,12,92000,1000
2,13,93000,1000
2,14,94000,1000
2,15,95000,1000
2,16,96000,1000
2,17,97000,1000
2,18,98000,1000
2,19,99000,1000
2,20,100000,1000
2,21,101000,1000
2,22,102000,1000
2,23,103000,1000
2,24,104000,1000
2,25,105000,1000
2,26,106000,1000
2,27,107000,1000
2,28,108000,1000
2,29,109000,1000
2,30,110000,1000
2,31,111000,1000
2,32,112000,1000
2,33,113000,1000
2,34,114000,1000
2,35,115000,1000
2,36,116000,1000
2,37,117000,1000
2,38,118000,1000
2,39,119000,1000
3,0,120000,1000
3,1,121000,1000
3,2,122000,1000
3,3,123000,1000
3,4,124000,1000
3,5,125000,1000
3,6,126000,1000
3,7,127000,1000
3,8,128000,1000
3,9,129000,1000
3,10,130000,1000
3,11,131000,1000
3,12,132000,1000
3,13,133000,1000
3,14,134000,1000
3,15,135000,1000
3,16,136000,1000
3,17,137000,1000
3,18,138000,1000
3,19,139000,1000
3,20,140000,1000
3,21,141000,1000
3,22,142000,1000
3,23,143000,1000
3,24,144000,1000
3,25,145000,1000
3,26,146000,1000
3,27,147000,1000
3,28,148000,1000
3,29,149000,1000
3,30,150000,1000
3,31,151000,1000
3,32,152000,1000
3,33,153000,1000
3,34,154000,1000
3,35,155000,1000
3,36,156000,1000
3,37,157000,1000
3,38,158000,1000
3,39,159000,1000
4,0,160000,1000
4,1,161000,1000
4,2,162000,1000
4,3,163000,1000
4,4,164000,1000
4,5,165000,1000
4,6,166000,1000
4,7,167000,1000
4,8,168000,1000
4,9,169000,1000
4,10,170000,1000
4,11,171000,1000
4,12,172000,1000
4,13,173000,1000
4,14,174000,1000
4,15,175000,1000
4,16,176000,1000
4,17,177000,1000
4,18,178000,1000
4,19,179000,1000
4,20,180000,1000
4,21,181000,1000
4,22,182000,1000
4,23,183000,1000
4,24,184000,1000
4,25,185000,1000
4,26,186000,1000
4,27,187000,1000
4,28,188000,1000
4,29,189000,1000
4,30,190000,1000
4,31,191000,1000
4,32,192000,1000
4,33,193000,1000
4,34,194000,1000
4,35,195000,1000
4,36,196000,1000
4,37,197000,1000
4,38,198000,1000
4,39,199000,1000
5,0,200000,1000
5,1,201000,1000
5,2,202000,1000
5,3,203000,1000
5,4,204000,1000
5,5,205000,1000
5,6,206000,1000
5,7,207000,1000
5,8,208000,1000
5,9,209000,1000
5,10,210000,1000
5,11,211000,1000
5,12,212000,1000
5,13,213000,1000
5,14,214000,1000
5,15,215000,1000
5,16,216000,1000
5,17,217000,1000
5,18,218000,1000
5,19,219000,1000
5,20,220000,1000
5,21,221000,1000
5,22,222000,1000
5,23,223000,1000
5,24,224000,1000
5,25,225000,1000
5,26,226000,1000
5,27,227000,1000
5,28,228000,1000
5,29,229000,1000
5,30,230000,1000
5,31,231000,1000
5,32,232000,1000
5,33,233000,1000
5,34,234000,1000
5,35,235000,1000
5,36,236000,1000
5,37,237000,1000
5,38,238000,1000
5,39,239000,1000
6,0,240000,1000
6,1,241000,1000
6,2,242000,1000
6,3,243000,1000
6,4,244000,1000
6,5,245000,1000
6,6,246000,1000
6,7,247000,1000
6,8,248000,1000
6,9,249000,1000
6,10,250000,1000
6,11,251000,1000
6,12,252000,1000
6,13,253000,1000
6,14,254000,1000
6,15,255000,1000
6,16,256000,1000
6,17,257000,1000
6,18,258000,1000
6,19,259000,1000
6,20,260000,1000
6,21,261000,1000
6,22,262000,1000
6,23,263000,1000
6,24,264000,1000
6,25,265000,1000
6,26,266000,1000
6,27,267000,1000
6,28,268000,1000
6,29,269000,1000
6,30,270000,1000
6,31,271000,1000
6,32,272000,1000
6,33,273000,1000
6,34,274000,1000
6,35,275000,1000
6,36,276000,1000
6,37,277000,1000
6,38,278000,1000
6,39,279000,1000
7,0,280000,1000
7,1,281000,1000
7,2,282000,1000
7,3,283000,1000
7,4,284000,1000
7,5,285000,1000
7,6,286000,1000
7,7,287000,1000
7,8,288000,1000
7,9,289000,1000
7,10,290000,1000
7,11,291000,1000
7,12,292000,1000
7,13,293000,1000
7,14,294000,1000
7,15,295000,1000
7,16,296000,1000
7,17,297000,1000
7,18,298000,1000
7,19,299000,1000
7,20,300000,1000
7,21,301000,1000
7,22,302000,1000
7,23,303000,1000
7,24,304000,1000
7,25,305000,1000
7,26,306000,1000
7,27,307000,1000
7,28,308000,1000
7,29,309000,1000
7,30,310000,1000
7,31,311000,1000
7,32,312000,1000
7,33,313000,1000
7,34,314000,1000
7,35,315000,1000
7,36,316000,1000
7,37,317000,1000
7,38,318000,1000
7,39,319000,1000
8,0,320000,1000
8,1,321000,1000
8,2,322000,1000
8,3,323000,1000
8,4,324000,1000
8,5,325000,1000
8,6,326000,1000
8,7,327000,1000
8,8,328000,1000
8,9,329000,1000
8,10,330000,1000
8,11,331000,1000
8,12,332000,1000
8,13,333000,1000
8,14,334000,1000
8,15,335000,1000
8,16,336000,1000
8,17,337000,1000
8,18,338000,1000
8,19,339000,1000
8,20,340000,1000
8,21,341000,1000
8,22,342000,1000
8,23,343000,1000
8,24,344000,1000
8,25,345000,1000
8,26,346000,1000
8,27,347000,1000
8,28,348000,1000
8,29,349000,1000
8,30,350000,1000
8,31,351000,1000
8,32,352000,1000
8,33,353000,1000
8,34,354000,1000
8,35,355000,1000
8,36,356000,1000
8,37,357000,1000
8,38,358000,1000
8,39,359000,1000
9,0,360000,1000
9,1,361000,1000
9,2,362000,1000
9,3,363000,1000
9,4,364000,1000
9,5,365000,1000
9,6,366000,1000
9,7,367000,1000
9,8,368000,1000
9,9,369000,1000
9,10,370000,1000
9,11,371000,1000
9,12,372000,1000
9,13,373000,1000
9,14,374000,1000
9,15,375000,1000
9,16,376000,1000
9,17,377000,1000
9,18,378000,1000
9,19,379000,1000
9,20,380000,1000
9,21,381000,1000
9,22,382000,1000
9,23,383000,1000
9,24,384000,1000
9,25,385000,1000
9,26,386000,1000
9,27,387000,1000
9,28,388000,1000
9,29,389000,1000
9,30,390000,1000
9,31,391000,1000
9,32,392000,1000
9,33,393000,1000
9,34,394000,1000
9,35,395000,1000
9,36,396000,1000
9,37,397000,1000
9,38,398000,1000
9,39,399000,1000
10,0,400000,1000
10,1,401000,1000
10,2,402000,1000
10,3,403000,1000
10,4,404000,1000
10,5,405000,1000
10,6,406000,1000
10,7,407000,1000
10,8,408000,1000
10,9,409000,1000
10,10,410000,1000
10,11,411000,1000
10,12,412000,1000
10,13,413000,1000
10,14,414000,1000
10,15,415000,1000
10,16,416000,1000
10,17,417000,1000
10,18,418000,1000
10,19,419000,1000
10,20,420000,1000
10,21,421000,1000
10,22,422000,1000
10,23,423000,1000
10,24,424000,1000
10,25,425000,1000
10,26,426000,1000
10,27,427000,1000
10,28,428000,1000
10,29,429000,1000
10,30,430000,1000
10,31,431000,1000
10,32,432000,1000
10,33,433000,1000
10,34,434000,1000
10,35,435000,1000
10,36,436000,1000
10,37,437000,1000
10,38,438000,1000
10,39,439000,1000
11,0,440000,1000
11,1,441000,1000
11,2,442000,1000
11,3,443000,1000
11,4,444000,1000
11,5,445000,1000
11,6,446000,1000
11,7,447000,1000
11,8,448000,1000
11,9,449000,1000
11,10,450000,1000
11,11,451000,1000
11,12,452000,1000
11,13,453000,1000
11,14,454000,1000
11,15,455000,1000
11,16,456000,1000
11,17,457000,1000
11,18,458000,1000
11,19,459000,1000
11,20,460000,1000
11,21,461000,1000
11,22,462000,1000
11,23,463000,1000
11,24,464000,1000
11,25,465000,1000
11,26,466000,1000
11,27,467000,1000
11,28,468000,1000
11,29,469000,1000
11,30,470000,1000
11,31,471000,1000
11,32,472000,1000
11,33,473000,1000
11,34,474000,1000
11,35,475000,1000
11,36,476000,1000
11,37,477000,1000
11,38,478000,1000
11,39,479000,1000
12,0,480000,1000
12,1,481000,1000
12,2,482000,1000
12,3,483000,1000
12,4,484000,1000
12,5,485000,1000
12,6,486000,1000
12,7,487000,1000
12,8,488000,1000
12,9,489000,1000
12,10,490000,1000
12,11,491000,1000
12,12,492000,1000
12,13,493000,1000
12,14,494000,1000
12,15,495000,1000
12,16,496000,1000
12,17,497000,1000
12,18,498000,1000
12,19,499000,1000
12,20,500000,1000
12,21,501000,1000
12,22,502000,1000
12,23,503000,1000
12,24,504000,1000
12,25,505000,1000
12,26,506000,1000
12,27,507000,1000
12,28,508000,1000
12,29,509000,1000
12,30,510000,1000
12,31,511000,1000
12,32,512000,1000
12,33,513000,1000
12,34,514000,1000
12,35,515000,1000
12,36,516000,1000
12,37,517000,1000
12,38,518000,1000
12,39,519000,1000
13,0,520000,1000
13,1,521000,1000
13,2,522000,1000
13,3,523000,1000
13,4,524000,1000
13,5,525000,1000
13,6,526000,1000
13,7,527000,1000
13,8,528000,1000
13,9,529000,1000
13,10,530000,1000
13,11,531000,1000
13,12,532000,1000
13,13,533000,1000
13,14,534000,1000
13,15,535000,1000
13,16,536000,1000
13,17,537000,1000
13,18,538000,1000
13,19,539000,1000
13,20,540000,1000
13,21,541000,1000
13,22,542000,1000
13,23,543000,1000
13,24,544000,1000
13,25,545000,1000
13,26,546000,1000
13,27,547000,1000
13,28,548000,1000
13,29,549000,1000
13,30,550000,1000
13,31,551000,1000
13,32,552000,1000
13,33,553000,1000
13,34,554000,1000
13,35,555000,1000
13,36,556000,1000
13,37,557000,1000
13,38,558000,1000
13,39,559000,1000
14,0,560000,1000
14,1,561000,1000
14,2,562000,1000
14,3,563000,1000
14,4,564000,1000
14,5,565000,1000
14,6,566000,1000
14,7,567000,1000
14,8,568000,1000
14,9,569000,1000
14,10,570000,1000
14,11,571000,1000
14,12,572000,1000
14,13,573000,1000
14,14,574000,1000
14,15,575000,1000
14,16,576000,1000
14,17,577000,1000
14,18,578000,1000
14,19,579000,1000
14,20,580000,1000
14,21,581000,1000
14,22,582000,1000
14,23,583000,1000
14,24,584000,1000
14,25,585000,1000
14,26,586000,1000
14,27,587000,1000
14,28,588000,1000
14,29,589000,1000
14,30,590000,1000
14,31,591000,1000
14,32,592000,1000
14,33,593000,1000
14,34,594000,1000
14,35,595000,1000
14,36,596000,1000
14,37,597000,1000
14,38,598000,1000
14,39,599000,1000
15,0,600000,1000
15,1,601000,1000
15,2,602000,1000
15,3,603000,1000
15,4,604000,1000
15,5,605000,1000
15,6,606000,1000
15,7,607000,1000
15,8,608000,1000
15,9,609000,1000
15,10,610000,1000
15,11,611000,1000
15,12,612000,1000
15,13,613000,1000
15,14,614000,1000
15,15,615000,1000
15,16,616000,1000
15,17,617000,1000
15,18,618000,1000
15,19,619000,1000
15,20,620000,1000
15,21,621000,1000
15,22,622000,1000
15,23,623000,1000
15,24,624000,1000
15,25,625000,1000
15,26,626000,1000
15,27,627000,1000
15,28,628000,1000
15,29,629000,1000
15,30,630000,1000
15,31,631000,1000
15,32,632000,1000
15,33,633000,1000
15,34,634000,1000
15,35,635000,1000
15,36,636000,1000
15,37,637000,1000
15,38,638000,1000
15,39,639000,1000
16,0,640000,1000
16,1,641000,1000
16,2,642000,1000
16,3,643000,1000
16,4,644000,1000
16,5,645000,1000
16,6,646000,1000
16,7,647000,1000
16,8,648000,1000
16,9,649000,1000
16,10,650000,1000
16,11,651000,1000
16,12,652000,1000
16,13,653000,1000
16,14,654000,1000
16,15,655000,1000
16,16,656000,1000
16,17,657000,1000
16,18,658000,1000
16,19,659000,1000
16,20,660000,1000
16,21,661000,1000
16,22,662000,1000
16,23,663000,1000
16,24,664000,1000
16,25,665000,1000
16,26,666000,1000
16,27,667000,1000
16,28,668000,1000
16,29,669000,1000
16,30,670000,1000
16,31,671000,1000
16,32,672000,1000
16,33,673000,1000
16,34,674000,1000
16,35,675000,1000
16,36,676000,1000
16,37,677000,1000
16,38,678000,1000
16,39,679000,1000
17,0,680000,1000
17,1,681000,1000
17,2,682000,1000
17,3,683000,1000
17,4,684000,1000
17,5,685000,1000
17,6,686000,1000
17,7,687000,1000
17,8,688000,1000
17,9,689000,1000
17,10,690000,1000
17,11,691000,1000
17,12,692000,1000
17,13,693000,1000
17,14,694000,1000
17,15,695000,1000
17,16,696000,1000
17,17,697000,1000
17,18,698000,1000
17,19,699000,1000
17,20,700000,1000
17,21,701000,1000
17,22,702000,1000
17,23,703000,1000
17,24,704000,1000
17,25,705000,1000
17,26,706000,1000
17,27,707000,1000
17,28,708000,1000
17,29,709000,1000
17,30,710000,1000
17,31,711000,1000
17,32,712000,1000
17,33,713000,1000
17,34,714000,1000
17,35,715000,1000
17,36,716000,1000
17,37,717000,1000
17,38,718000,1000
17,39,719000,1000
18,0,720000,1000
18,1,721000,1000
18,2,722000,1000
18,3,723000,1000
18,4,724000,1000
18,5,725000,1000
18,6,726000,1000
18,7,727000,1000
18,8,728000,1000
18,9,729000,1000
18,10,730000,1000
18,11,731000,1000
18,12,732000,1000
18,13,733000,1000
18,14,734000,1000
18,15,735000,1000
18,16,736000,1000
18,17,737000,1000
18,18,738000,1000
18,19,739000,1000
18,20,740000,1000
18,21,741000,1000
18,22,742000,1000
18,23,743000,1000
18,24,744000,1000
18,25,745000,1000
18,26,746000,1000
18,27,747000,1000
18,28,748000,1000
18,29,749000,1000
18,30,750000,1000
18,31,751000,1000
18,32,752000,1000
18,33,753000,1000
18,34,754000,1000
18,35,755000,1000
18,36,756000,1000
18,37,757000,1000
18,38,758000,1000
18,39,759000,1000
19,0,760000,1000
19,1,761000,1000
19,2,762000,1000
19,3,763000,1000
19,4,764000,1000
19,5,765000,1000
19,6,766000,1000
19,7,767000,1000
19,8,768000,1000
19,9,769000,1000
19,10,770000,1000
19,11,771000,1000
19,12,772000,1000
19,13,773000,1000
19,14,774000,1000
19,15,775000,1000
19,16,776000,1000
19,17,777000,1000
19,18,778000,1000
19,19,779000,1000
19,20,780000,1000
19,21,781000,1543
19,22,782543,2199
19,23,784742,1959
19,24,786701,1571
19,25,788272,1000
19,26,789272,1000
19,27,790272,1000
19,28,791272,1000
19,29,792272,1000
19,30,793272,1000
19,31,794272,1000
19,32,795272,1000
19,33,796272,1000
19,34,797272,1000
19,35,798272,1000
19,36,799272,1000
19,37,800272,1000
19,38,801272,1000
19,39,802272,1000
20,0,803272,1000
20,1,804272,1000
20,2,805272,1000
20,3,806272,1000
20,4,807272,1000
20,5,808272,1000
20,6,809272,1000
20,7,810272,1000
20,8,811272,1000
20,9,812272,1000
20,10,813272,1000
20,11,814272,1000
20,12,815272,1000
20,13,816272,1000
20,14,817272,1000
20,15,818272,1331
20,16,819603,1949
20,17,821552,2049
20,18,823601,1251
20,19,824852,1000
20,20,825852,1043
20,21,826895,2414
20,22,829309,2775
20,23,832084,2395
20,24,834479,1940
20,25,836419,1202
20,26,837621,1000
20,27,838621,1000
20,28,839621,1000
20,29,840621,1000
20,30,841621,1000
20,31,842621,1000
20,32,843621,1000
20,33,844621,1000
20,34,845621,1000
20,35,846621,1000
20,36,847621,1000
20,37,848621,1000
20,38,849621,1000
20,39,850621,1000
21,0,851621,1000
21,1,852621,1000
21,2,853621,1000
21,3,854621,1000
21,4,855621,1000
21,5,856621,1000
21,6,857621,1000
21,7,858621,1000
21,8,859621,1000
21,9,860621,1000
21,10,861621,1000
21,11,862621,1000
21,12,863621,1000
21,13,864621,1000
21,14,865621,1000
21,15,866621,1000
21,16,867621,1000
21,17,868621,1000
21,18,869621,1000
21,19,870621,1000
21,20,871621,1063
21,21,872684,1016
21,22,873700,1272
21,23,874972,1286
21,24,876258,1186
21,25,877444,1000
21,26,878444,1000
21,27,879444,1000
21,28,880444,1000
21,29,881444,1000
21,30,882444,1000
21,31,883444,1000
21,32,884444,1000
21,33,885444,1000
21,34,886444,1000
21,35,887444,1000
21,36,888444,1000
21,37,889444,1000
21,38,890444,1000
21,39,891444,1000
22,0,892444,1000
22,1,893444,1000
22,2,894444,1000
22,3,895444,1000
22,4,896444,1000
22,5,897444,1000
22,6,898444,1000
22,7,899444,1000
22,8,900444,1000
22,9,901444,1000
22,10,902444,1000
22,11,903444,1000
22,12,904444,1000
22,13,905444,1000
22,14,906444,1000
22,15,907444,1000
22,16,908444,1000
22,17,909444,1000
22,18,910444,1078
22,19,911522,1000
22,20,912522,1227
22,21,913749,1000
22,22,914749,1238
22,23,915987,1478
22,24,917465,1097
22,25,918562,1000
22,26,919562,1000
22,27,920562,1000
22,28,921562,1000
22,29,922562,1000
22,30,923562,1000
22,31,924562,1000
22,32,925562,1000
22,33,926562,1000
22,34,927562,1000
22,35,928562,1000
22,36,929562,1000
22,37,930562,1000
22,38,931562,1000
22,39,932562,1000
23,0,933562,1000
23,1,934562,1000
23,2,935562,1000
23,3,936562,1000
23,4,937562,1000
23,5,938562,1000
23,6,939562,1000
23,7,940562,1000
23,8,941562,1000
23,9,942562,1000
23,10,943562,1000
23,11,944562,1000
23,12,945562,1000
23,13,946562,1000
23,14,947562,1000
23,15,948562,1000
23,16,949562,1000
23,17,950562,1000
23,18,951562,1031
23,19,952593,1038
23,20,953631,1185
23,21,954816,1000
23,22,955816,1000
23,23,956816,1000
23,24,957816,1458
23,25,959274,1014
23,26,960288,1000
23,27,961288,1000
23,28,962288,1000
23,29,963288,1000
23,30,964288,1000
23,31,965288,1000
23,32,966288,1000
23,33,967288,1000
23,34,968288,1000
23,35,969288,1000
23,36,970288,1000
23,37,971288,1000
23,38,972288,1000
23,39,973288,1000
24,0,974288,1000
24,1,975288,1000
24,2,976288,1000
24,3,977288,1000
24,4,978288,1000
24,5,979288,1000
24,6,980288,1000
24,7,981288,1000
24,8,982288,1000
24,9,983288,1000
24,10,984288,1000
24,11,985288,1000
24,12,986288,1000
24,13,987288,1000
24,14,988288,1000
24,15,989288,1000
24,16,990288,1000
24,17,991288,1000
24,18,992288,1000
24,19,993288,1000
24,20,994288,1097
24,21,995385,1000
24,22,996385,1000
24,23,997385,1000
24,24,998385,1000
24,25,999385,1000
24,26,1000385,1000
24,27,1001385,1000
24,28,1002385,1000
24,29,1003385,1000
24,30,1004385,1000
24,31,1005385,1000
24,32,1006385,1000
24,33,1007385,1000
24,34,1008385,1000
24,35,1009385,1000
24,36,1010385,1000
24,37,1011385,1000
24,38,1012385,1000
24,39,1013385,1000
25,0,1014385,1000
25,1,1015385,1000
25,2,1016385,1000
25,3,1017385,1000
25,4,1018385,1000
25,5,1019385,1000
25,6,1020385,1000
25,7,1021385,1000
25,8,1022385,1000
25,9,1023385,1000
25,10,1024385,1000
25,11,1025385,1000
25,12,1026385,1000
25,13,1027385,1000
25,14,1028385,1000
25,15,1029385,1000
25,16,1030385,1000
25,17,1031385,1000
25,18,1032385,1000
25,19,1033385,1000
25,20,1034385,1000
25,21,1035385,1000
25,22,1036385,1000
25,23,1037385,1000
25,24,1038385,1000
25,25,1039385,1000
25,26,1040385,1000
25,27,1041385,1000
25,28,1042385,1000
25,29,1043385,1000
25,30,1044385,1000
25,31,1045385,1000
25,32,1046385,1000
25,33,1047385,1000
25,34,1048385,1000
25,35,1049385,1000
25,36,1050385,1000
25,37,1051385,1000
25,38,1052385,1000
25,39,1053385,1000
26,0,1054385,1000
26,1,1055385,1000
26,2,1056385,1000
26,3,1057385,1000
26,4,1058385,1000
26,5,1059385,1000
26,6,1060385,1000
26,7,1061385,1000
26,8,1062385,1000
26,9,1063385,1000
26,10,1064385,1000
26,11,1065385,1000
26,12,1066385,1000
26,13,1067385,1000
26,14,1068385,1000
26,15,1069385,1000
26,16,1070385,1000
26,17,1071385,1000
26,18,1072385,1000
26,19,1073385,1000
26,20,1074385,1000
26,21,1075385,1000
26,22,1076385,1000
26,23,1077385,1000
26,24,1078385,1000
26,25,1079385,1000
26,26,1080385,1000
26,27,1081385,1000
26,28,1082385,1000
26,29,1083385,1000
26,30,1084385,1000
26,31,1085385,1000
26,32,1086385,1000
26,33,1087385,1000
26,34,1088385,1000
26,35,1089385,1000
26,36,1090385,1000
26,37,1091385,1000
26,38,1092385,1000
26,39,1093385,1000
27,0,1094385,1000
27,1,1095385,1000
27,2,1096385,1000
27,3,1097385,1000
27,4,1098385,1000
27,5,1099385,1000
27,6,1100385,1000
27,7,1101385,1000
27,8,1102385,1000
27,9,1103385,1000
27,10,1104385,1000
27,11,1105385,1000
27,12,1106385,1000
27,13,1107385,1000
27,14,1108385,1000
27,15,1109385,1000
27,16,1110385,1000
27,17,1111385,1000
27,18,1112385,1000
27,19,1113385,1000
27,20,1114385,1000
27,21,1115385,1000
27,22,1116385,1000
27,23,1117385,1000
27,24,1118385,1000
27,25,1119385,1000
27,26,1120385,1000
27,27,1121385,1000
27,28,1122385,1000
27,29,1123385,1000
27,30,1124385,1000
27,31,1125385,1000
27,32,1126385,1000
27,33,1127385,1000
27,34,1128385,1000
27,35,1129385,1000
27,36,1130385,1000
27,37,1131385,1000
27,38,1132385,1000
27,39,1133385,1000
28,0,1134385,1000
28,1,1135385,1000
28,2,1136385,1000
28,3,1137385,1000
28,4,1138385,1000
28,5,1139385,1000
28,6,1140385,1000
28,7,1141385,1000
28,8,1142385,1000
28,9,1143385,1000
28,10,1144385,1000
28,11,1145385,1000
28,12,1146385,1000
28,13,1147385,1000
28,14,1148385,1000
28,15,1149385,1000
28,16,1150385,1000
28,17,1151385,1000
28,18,1152385,1000
28,19,1153385,1000
28,20,1154385,1000
28,21,1155385,1000
28,22,1156385,1000
28,23,1157385,1000
28,24,1158385,1000
28,25,1159385,1000
28,26,1160385,1000
28,27,1161385,1000
28,28,1162385,1000
28,29,1163385,1000
28,30,1164385,1000
28,31,1165385,1000
28,32,1166385,1000
28,33,1167385,1000
28,34,1168385,1000
28,35,1169385,1000
28,36,1170385,1000
28,37,1171385,1000
28,38,1172385,1000
28,39,1173385,1000
29,0,1174385,1000
29,1,1175385,1000
29,2,1176385,1000
29,3,1177385,1000
29,4,1178385,1000
29,5,1179385,1000
29,6,1180385,1000
29,7,1181385,1000
29,8,1182385,1000
29,9,1183385,1000
29,10,1184385,1000
29,11,1185385,1000
29,12,1186385,1000
29,13,1187385,1000
29,14,1188385,1000
29,15,1189385,1000
29,16,1190385,1000
29,17,1191385,1000
29,18,1192385,1000
29,19,1193385,1000
29,20,1194385,1000
29,21,1195385,1000
29,22,1196385,1000
29,23,1197385,1000
29,24,1198385,1000
29,25,1199385,1000
29,26,1200385,1000
29,27,1201385,1000
29,28,1202385,1000
29,29,1203385,1000
29,30,1204385,1000
29,31,1205385,1000
29,32,1206385,1000
29,33,1207385,1000
29,34,1208385,1000
29,35,1209385,1000
29,36,1210385,1000
29,37,1211385,1000
29,38,1212385,1000
29,39,1213385,1000
30,0,1214385,1000
30,1,1215385,1000
30,2,1216385,1000
30,3,1217385,1000
30,4,1218385,1000
30,5,1219385,1000
30,6,1220385,1000
30,7,1221385,1000
30,8,1222385,1000
30,9,1223385,1000
30,10,1224385,1000
30,11,1225385,1000
30,12,1226385,1000
30,13,1227385,1000
30,14,1228385,1000
30,15,1229385,1000
30,16,1230385,1000
30,17,1231385,1000
30,18,1232385,1000
30,19,1233385,1000
30,20,1234385,1000
30,21,1235385,1000
30,22,1236385,1000
30,23,1237385,1000
30,24,1238385,1000
30,25,1239385,1000
30,26,1240385,1000
30,27,1241385,1000
30,28,1242385,1000
30,29,1243385,1000
30,30,1244385,1000
30,31,1245385,1000
30,32,1246385,1000
30,33,1247385,1000
30,34,1248385,1000
30,35,1249385,1000
30,36,1250385,1000
30,37,1251385,1000
30,38,1252385,1000
30,39,1253385,1000
31,0,1254385,1000
31,1,1255385,1000
31,2,1256385,1000
31,3,1257385,1000
31,4,1258385,1000
31,5,1259385,1000
31,6,1260385,1000
31,7,1261385,1000
31,8,1262385,1000
31,9,1263385,1000
31,10,1264385,1000
31,11,1265385,1000
31,12,1266385,1000
31,13,1267385,1000
31,14,1268385,1000
31,15,1269385,1000
31,16,1270385,1000
31,17,1271385,1000
31,18,1272385,1000
31,19,1273385,1000
31,20,1274385,1000
31,21,1275385,1000
31,22,1276385,1000
31,23,1277385,1000
31,24,1278385,1000
31,25,1279385,1000
31,26,1280385,1000
31,27,1281385,1000
31,28,1282385,1000
31,29,1283385,1000
31,30,1284385,1000
31,31,1285385,1000
31,32,1286385,1000
31,33,1287385,1000
31,34,1288385,1000
31,35,1289385,1000
31,36,1290385,1000
31,37,1291385,1000
31,38,1292385,1000
31,39,1293385,1000
32,0,1294385,1000
32,1,1295385,1000
32,2,1296385,1000
32,3,1297385,1000
32,4,1298385,1000
32,5,1299385,1000
32,6,1300385,1000
32,7,1301385,1000
32,8,1302385,1000
32,9,1303385,1000
32,10,1304385,1000
32,11,1305385,1000
32,12,1306385,1000
32,13,1307385,1000
32,14,1308385,1000
32,15,1309385,1000
32,16,1310385,1000
32,17,1311385,1000
32,18,1312385,1000
32,19,1313385,1000
32,20,1314385,1000
32,21,1315385,1000
32,22,1316385,1000
32,23,1317385,1000
32,24,1318385,1000
32,25,1319385,1000
32,26,1320385,1000
32,27,1321385,1000
32,28,1322385,1000
32,29,1323385,1000
32,30,1324385,1000
32,31,1325385,1000
32,32,1326385,1000
32,33,1327385,1000
32,34,1328385,1000
32,35,1329385,1000
32,36,1330385,1000
32,37,1331385,1000
32,38,1332385,1000
32,39,1333385,1000
33,0,1334385,1000
33,1,1335385,1000
33,2,1336385,1000
33,3,1337385,1000
33,4,1338385,1000
33,5,1339385,1000
33,6,1340385,1000
33,7,1341385,1000
33,8,1342385,1000
33,9,1343385,1000
33,10,1344385,1000
33,11,1345385,1000
33,12,1346385,1000
33,13,1347385,1000
33,14,1348385,1000
33,15,1349385,1000
33,16,1350385,1000
33,17,1351385,1000
33,18,1352385,1000
33,19,1353385,1000
33,20,1354385,1000
33,21,1355385,1000
33,22,1356385,1000
33,23,1357385,1000
33,24,1358385,1000
33,25,1359385,1000
33,26,1360385,1000
33,27,1361385,1000
33,28,1362385,1000
33,29,1363385,1000
33,30,1364385,1000
33,31,1365385,1000
33,32,1366385,1000
33,33,1367385,1000
33,34,1368385,1000
33,35,1369385,1000
33,36,1370385,1000
33,37,1371385,1000
33,38,1372385,1000
33,39,1373385,1000
34,0,1374385,1000
34,1,1375385,1000
34,2,1376385,1000
34,3,1377385,1000
34,4,1378385,1000
34,5,1379385,1000
34,6,1380385,1000
34,7,1381385,1000
34,8,1382385,1000
34,9,1383385,1000
34,10,1384385,1000
34,11,1385385,1000
34,12,1386385,1000
34,13,1387385,1000
34,14,1388385,1000
34,15,1389385,1000
34,16,1390385,1000
34,17,1391385,1000
34,18,1392385,1000
34,19,1393385,1000
34,20,1394385,1000
34,21,1395385,1000
34,22,1396385,1000
34,23,1397385,1000
34,24,1398385,1000
34,25,1399385,1000
34,26,1400385,1000
34,27,1401385,1000
34,28,1402385,1000
34,29,1403385,1000
34,30,1404385,1000
34,31,1405385,1000
34,32,1406385,1000
34,33,1407385,1000
34,34,1408385,1000
34,35,1409385,1000
34,36,1410385,1000
34,37,1411385,1000
34,38,1412385,1000
34,39,1413385,1000
35,0,1414385,1000
35,1,1415385,1000
35,2,1416385,1000
35,3,1417385,1000
35,4,1418385,1000
35,5,1419385,1000
35,6,1420385,1000
35,7,1421385,1000
35,8,1422385,1000
35,9,1423385,1000
35,10,1424385,1000
35,11,1425385,1000
35,12,1426385,1000
35,13,1427385,1000
35,14,1428385,1000
35,15,1429385,1000
35,16,1430385,1000
35,17,1431385,1000
35,18,1432385,1000
35,19,1433385,1000
35,20,1434385,1000
35,21,1435385,1000
35,22,1436385,1000
35,23,1437385,1000
35,24,1438385,1000
35,25,1439385,1000
35,26,1440385,1000
35,27,1441385,1000
35,28,1442385,1000
35,29,1443385,1000
35,30,1444385,1000
35,31,1445385,1000
35,32,1446385,1000
35,33,1447385,1000
35,34,1448385,1000
35,35,1449385,1000
35,36,1450385,1000
35,37,1451385,1000
35,38,1452385,1000
35,39,1453385,1000
36,0,1454385,1000
36,1,1455385,1000
36,2,1456385,1000
36,3,1457385,1000
36,4,1458385,1000
36,5,1459385,1000
36,6,1460385,1000
36,7,1461385,1000
36,8,1462385,1000
36,9,1463385,1000
36,10,1464385,1000
36,11,1465385,1000
36,12,1466385,1000
36,13,1467385,1000
36,14,1468385,1000
36,15,1469385,1000
36,16,1470385,1000
36,17,1471385,1000
36,18,1472385,1000
36,19,1473385,1000
36,20,1474385,1000
36,21,1475385,1000
36,22,1476385,1000
36,23,1477385,1000
36,24,1478385,1000
36,25,1479385,1000
36,26,1480385,1000
36,27,1481385,1000
36,28,1482385,1000
36,29,1483385,1000
36,30,1484385,1000
36,31,1485385,1000
36,32,1486385,1000
36,33,1487385,1000
36,34,1488385,1000
36,35,1489385,1000
36,36,1490385,1000
36,37,1491385,1000
36,38,1492385,1000
36,39,1493385,1000
37,0,1494385,1000
37,1,1495385,1000
37,2,1496385,1000
37,3,1497385,1000
37,4,1498385,1000
37,5,1499385,1000
37,6,1500385,1000
37,7,1501385,1000
37,8,1502385,1000
37,9,1503385,1000
37,10,1504385,1000
37,11,1505385,1000
37,12,1506385,1000
37,13,1507385,1000
37,14,1508385,1000
37,15,1509385,1000
37,16,1510385,1000
37,17,1511385,1000
37,18,1512385,1000
37,19,1513385,1000
37,20,1514385,1000
37,21,1515385,1000
37,22,1516385,1000
37,23,1517385,1000
37,24,1518385,1000
37,25,1519385,1000
37,26,1520385,1000
37,27,1521385,1000
37,28,1522385,1000
37,29,1523385,1000
37,30,1524385,1000
37,31,1525385,1000
37,32,1526385,1000
37,33,1527385,1000
37,34,1528385,1000
37,35,1529385,1000
37,36,1530385,1000
37,37,1531385,1000
37,38,1532385,1000
37,39,1533385,1000
38,0,1534385,1000
38,1,1535385,1000
38,2,1536385,1000
38,3,1537385,1000
38,4,1538385,1000
38,5,1539385,1000
38,6,1540385,1000
38,7,1541385,1000
38,8,1542385,1000
38,9,1543385,1000
38,10,1544385,1000
38,11,1545385,1000
38,12,1546385,1000
38,13,1547385,1000
38,14,1548385,1000
38,15,1549385,1000
38,16,1550385,1000
38,17,1551385,1000
38,18,1552385,1000
38,19,1553385,1000
38,20,1554385,1000
38,21,1555385,1000
38,22,1556385,1000
38,23,1557385,1000
38,24,1558385,1000
38,25,1559385,1000
38,26,1560385,1000
38,27,1561385,1000
38,28,1562385,1000
38,29,1563385,1000
38,30,1564385,1000
38,31,1565385,1000
38,32,1566385,1000
38,33,1567385,1000
38,34,1568385,1000
38,35,1569385,1000
38,36,1570385,1000
38,37,1571385,1000
38,38,1572385,1000
38,39,1573385,1000
39,0,1574385,1000
39,1,1575385,1000
39,2,1576385,1000
39,3,1577385,1000
39,4,1578385,1000
39,5,1579385,1000
39,6,1580385,1000
39,7,1581385,1000
39,8,1582385,1000
39,9,1583385,1000
39,10,1584385,1000
39,11,1585385,1000
39,12,1586385,1000
39,13,1587385,1000
39,14,1588385,1000
39,15,1589385,1000
39,16,1590385,1000
39,17,1591385,1000
39,18,1592385,1000
39,19,1593385,1000
39,20,1594385,1000
39,21,1595385,1000
39,22,1596385,1000
39,23,1597385,1000
39,24,1598385,1000
39,25,1599385,1000
39,26,1600385,1000
39,27,1601385,1000
39,28,1602385,1000
39,29,1603385,1000
39,30,1604385,1000
39,31,1605385,1000
39,32,1606385,1000
39,33,1607385,1000
39,34,1608385,1000
39,35,1609385,1000
39,36,1610385,1000
39,37,1611385,1000
39,38,1612385,1000
39,39,1613385,1000
